{"_step":957,"train_loss":0.5313294529914856,"train_accuracy":0.8125,"_timestamp":1.7678688310913801e+09,"images":{"height":28,"format":"png","count":5,"filenames":["media/images/images_919_925c7b9bf3678adf308f.png","media/images/images_919_03debc27afe007cfd5dc.png","media/images/images_919_5683e95e9171b0ddde04.png","media/images/images_919_51e2642d4dc922aee9a1.png","media/images/images_919_3f14605cdd06fbcd6676.png"],"captions":["Input image 0","Input image 1","Input image 2","Input image 3","Input image 4"],"_type":"images/separated","width":28},"gradients":{"bins":[-0.49308282136917114,-0.4778478741645813,-0.46261292695999146,-0.4473779797554016,-0.43214303255081177,-0.4169080853462219,-0.4016731381416321,-0.38643819093704224,-0.3712032437324524,-0.35596829652786255,-0.3407333493232727,-0.3254983723163605,-0.31026342511177063,-0.2950284779071808,-0.27979353070259094,-0.2645585834980011,-0.24932363629341125,-0.2340886890888214,-0.21885374188423157,-0.20361879467964172,-0.18838384747505188,-0.17314890027046204,-0.1579139530658722,-0.14267900586128235,-0.1274440586566925,-0.11220910400152206,-0.09697415679693222,-0.08173920959234238,-0.06650426238775253,-0.05126931145787239,-0.03603436425328255,-0.020799415186047554,-0.005564466118812561,0.009670482948422432,0.024905432015657425,0.04014037922024727,0.05537533015012741,0.07061027735471725,0.0858452245593071,0.10108017176389694,0.11631512641906738,0.13155007362365723,0.14678502082824707,0.16201996803283691,0.17725491523742676,0.1924898624420166,0.20772480964660645,0.2229597568511963,0.23819470405578613,0.253429651260376,0.2686645984649658,0.28389954566955566,0.2991344928741455,0.31436944007873535,0.3296044170856476,0.3448393642902374,0.36007431149482727,0.3753092586994171,0.39054420590400696,0.4057791531085968,0.42101410031318665,0.4362490475177765,0.45148399472236633,0.4667189419269562,0.481953889131546],"_type":"histogram","values":[1,0,1,0,0,0,1,0,1,0,1,1,0,0,1,0,2,1,2,1,1,3,3,3,7,7,9,9,41,152,618,5078,84934,2307,475,136,66,24,26,13,5,5,5,0,3,2,2,4,0,2,0,1,1,0,3,0,1,0,1,0,1,0,0,1]},"_wandb":{"runtime":23},"_runtime":23}