{"train_loss":2.307935953140259,"train_accuracy":0.09375,"_timestamp":1.7678692097913792e+09,"_wandb":{"runtime":4},"_runtime":4,"_step":0}