{"train_loss":2.3068552017211914,"train_accuracy":0.125,"_timestamp":1.767868928835813e+09,"_wandb":{"runtime":4},"_runtime":4,"_step":0}