{"train_accuracy":0.03125,"_timestamp":1.767868634286962e+09,"_wandb":{"runtime":5},"_runtime":5,"_step":0,"train_loss":2.3222920894622803}