{"train_loss":0.382911741733551,"train_accuracy":0.8125,"_timestamp":1.7678693296276314e+09,"_step":937,"_runtime":20,"_wandb":{"runtime":20}}