{"train_accuracy":1,"_timestamp":1.7678684398732743e+09,"_wandb":{"runtime":92},"_runtime":92,"_step":4689,"train_loss":0.06322036683559418}