{"_runtime":4,"train_loss":2.3220601081848145,"train_accuracy":0.09375,"_timestamp":1.7678697072231288e+09,"_step":0,"_wandb":{"runtime":4}}