{"_wandb":{"runtime":4},"_runtime":4,"train_accuracy":0.09375,"_timestamp":1.767868586459935e+09,"_step":0,"train_loss":2.3542869091033936}