{"train_accuracy":0.1875,"_timestamp":1.767869612925833e+09,"_step":0,"_wandb":{"runtime":4},"_runtime":4,"train_loss":2.3053104877471924}