{"train_accuracy":0.8125,"_timestamp":1.7678690542769156e+09,"_runtime":19,"_wandb":{"runtime":19},"_step":937,"train_loss":0.3866156339645386}